First Name,Last Name
Henry,Williams
Noah,Allen
Amelia,Lee
Andrew,Williams
Liam,Lee
Benjamin,Young
Henry,Foster
William,Moore
William,Wilson
Olivia,Hill
Noah,Williams
Carter,White
Ethan,Johnson
Ethan,Harris
Alexander,Moore
Alexander,Young
Mia,Anderson
Liam,Anderson
Sophia,Clark
Emma,Nelson
Ava,Williams
Harper,Moore
Ethan,Williams
Amelia,Johnson
James,Wilson
Isabella,Thomas
Isabella,Phillips
Oliver,Moore
Evelyn,Clark
Isabella,Moore
Benjamin,Robinson
Benjamin,White
Sophia,Moore
Oliver,Johnson
James,Johnson
Sebastian,Hernandez
Olivia,Miller
Noah,Allen
Benjamin,Williams
Isabella,Clark
Benjamin,Lee
Benjamin,Wilson
Liam,Walker
Harper,Ward
Alexander,Thomas
Isabella,Ward
Liam,Brown
Benjamin,Williams
Alexander,Brown
Julian,Morris
Michael,Robinson
Liam,Davis
Ava,Anderson
Noah,Davis
Isaac,Ramirez
Noah,Brown
Amelia,Coleman
Michael,Anderson
William,Jones
Olivia,Watson
Henry,Williams
Liam,Lee
Ava,Murphy
Harper,Perez
Jack,Clark
Charlotte,Ramirez
Ethan,Carter
Ethan,Anderson
Ava,Brown
Harper,Cook
Harper,Harris
Noah,Young
Henry,Young
Harper,Adams
William,Adams
Isabella,Young
William,Davis
Abigail,Miller
Amelia,Anderson
Alexander,Allen
Emma,Martin
Mia,Clark
Amelia,Allen
Noah,Moore
Michael,Scott
Liam,Rivera
Michael,Smith
Liam,Wilson
Evelyn,Thomas
Emma,Watson
Michael,Williams
Liam,Wright
Ethan,Murphy
Ethan,Collins
James,Jones
Evelyn,Clark
Amelia,Turner
Alexander,Anderson
Mia,Miller
James,Miller
Alexander,Murphy
Ethan,Rogers
Noah,Jones
Charlotte,Johnson
Sophia,Cook
Isabella,Johnson
James,Collins
Henry,Clark
Henry,Young
Alexander,Cooper
Alexander,Murphy
Alexander,White
Liam,Clark
William,Lee
Henry,Johnson
Harper,Morris
Isabella,Bailey
William,Williams
Ava,Johnson
Amelia,Allen
Emma,Watson
Sophia,Thomas
Sophia,Anderson
Alexander,Robinson
William,Johnson
Olivia,Wood
Michael,Jackson
James,Carter
Noah,Williams
William,Hall
Amelia,Wilson
Ava,Hall
Amelia,Davis
Ethan,Smith
Liam,Turner
Ava,Morris
Liam,White
Evelyn,Brown
Charlotte,Robinson
Amelia,Lee
Olivia,Williams
Olivia,Robinson
Emma,Jones
James,Richardson
Mia,Carter
Olivia,Thomas
Isabella,Hall
Gabriel,Smith
William,Hall
Ethan,Williams
Amelia,Brown
Grace,Smith
Alexander,Smith
Sophia,Thomas
Liam,Lee
Charlotte,Ward
Amelia,Lee
Liam,Lee
David,Watson
Harper,Taylor
James,Johnson
Alexander,Bell
Michael,Robinson
Evelyn,Davis
Luke,Bell
Amelia,Wilson
Ryan,Harris
Evelyn,Williams
Sophia,Mitchell
Mia,Jones
Benjamin,Murphy
Amelia,Thomas
Alexander,Hall
James,Phillips
Ava,Hill
Mia,Jones
Michael,Johnson
Ava,Johnson
Evelyn,Garcia
Amelia,Johnson
Ethan,Young
Noah,Hall
Ava,Mitchell
William,Adams
Charlotte,Wilson
Isabella,Williams
Samuel,Young
Michael,Wilson
Harper,Lee
Gabriel,Cooper
Emma,Clark
Evelyn,Hill
Noah,Davis
Evelyn,Green
James,Anderson
Benjamin,Smith
Isabella,Adams
Charlotte,Hall
Evelyn,Wilson
Olivia,Richardson
Charlotte,Ramirez
Mia,Ross
Michael,Moore
Henry,Price
James,Robinson
Amelia,Phillips
Noah,Morgan
Dylan,Hall
Evelyn,Allen
Amelia,Moore
Grace,Campbell
Liam,Miller
Amelia,Cooper
Sophia,Johnson
Sophia,Brown
Ethan,Clark
Noah,Lee
Mia,Davis
Liam,Williams
Emma,Taylor
Noah,Brown
Alexander,Hughes
Amelia,Walker
Julian,Hall
Noah,Lee
Benjamin,Bell
Ethan,Anderson
Alexander,Brown
Liam,Allen
Harper,Lee
Sophia,Moore
Charlotte,Clark
Sebastian,Brooks
Gabriel,Smith
James,Young
Evelyn,Davis
Liam,Smith
Isabella,Johnson
Noah,Moore
Mia,White
Abigail,Allen
Isabella,Smith
Amelia,Green
Charlotte,Robinson
Evelyn,Ross
James,Lee
Sophia,Evans
Isabella,Williams
Andrew,Hill
Henry,Young
Noah,Reed
Samuel,Walker
Benjamin,White
Christopher,White
Charlotte,Johnson
Evelyn,Davis
Michael,Wilson
Levi,Davis
Ava,Anderson
Michael,Johnson
Emma,Hill
Grace,Jackson
Mia,Coleman
William,Ward
Alexander,Wilson
Mia,Smith
James,White
Henry,Nelson
Gabriel,King
William,Smith
Ethan,Perez
Sophia,White
Ethan,Adams
Isabella,Smith
Harper,Brown
Harper,Campbell
Michael,Williams
Michael,Jones
Amelia,Moore
Sophia,Davis
William,Brown
Ethan,Allen
James,Ross
Benjamin,Wilson
Benjamin,Williams
Emma,Williams
Charlotte,Smith
James,Lee
Mia,Phillips
Emma,Miller
William,Green
Ava,Garcia
Alexander,Johnson
William,Reed
Emma,Jones
Benjamin,Smith
Emma,Hall
Mia,Hernandez
James,Perez
Alexander,Williams
Henry,Garcia
Harper,Johnson
Gabriel,Smith
Ethan,Young
Charlotte,King
Henry,Garcia
Benjamin,Reed
Emma,Cook
Isaac,Bell
Isabella,Martin
Matthew,Williams
Mia,Foster
Evelyn,Johnson
Harper,Robinson
Henry,Bell
Michael,Thomas
Noah,Clark
Olivia,Bell
Isabella,Cox
Olivia,Smith
James,Perez
Alexander,Hernandez
Amelia,Allen
Benjamin,Lee
Michael,Hughes
Michael,Lee
Charlotte,Harris
Olivia,Mitchell
Emma,Adams
Liam,Lee
Sophia,Wilson
Harper,Taylor
Harper,Smith
Amelia,Robinson
Ava,Brooks
Ava,Thomas
Ethan,Williams
Noah,Williams
Sophia,Williams
Liam,Murphy
Alexander,Davis
Amelia,Hernandez
Charlotte,Wilson
Ethan,Smith
Lucas,Smith
Noah,Hall
James,Watson
Sophia,Campbell
Henry,Williams
Harper,Cooper
William,Jones
Sophia,Harris
Liam,Davis
Emma,Cox
Henry,Moore
Amelia,Clark
Charlotte,Davis
Ava,Moore
Alexander,Perez
Olivia,Jackson
Isabella,Anderson
Ethan,Anderson
Isabella,Allen
Mia,Harris
Ava,Clark
Sophia,Williams
Sophia,Reed
Amelia,Jones
James,Anderson
Sophia,Miller
Henry,Gray
William,Moore
Alexander,Williams
Grace,Wilson
Liam,Jones
Michael,Hall
Benjamin,Johnson
Michael,Moore
Michael,Johnson
Evelyn,Moore
Benjamin,Brown
Charlotte,Garcia
Charlotte,Parker
Sophia,Cook
James,Clark
James,Jones
Evelyn,Allen
Charlotte,Adams
Alexander,Jones
Olivia,Williams
Harper,Turner
Liam,Robinson
Olivia,Bennett
Isabella,Ramirez
Emma,Scott
Charlotte,Wilson
Michael,Robinson
James,Carter
Ava,Robinson
Evelyn,Smith
Ryan,Murphy
William,Moore
Mia,White
Isabella,Phillips
Ava,Green
Charlotte,Moore
Noah,Allen
Ethan,Anderson
Ava,Ward
William,Cooper
Ava,Jones
Amelia,Anderson
Harper,White
Ava,Miller
Harper,Griffin
Sophia,Ward
William,Cooper
Emma,Moore
Michael,Hernandez
Liam,Long
William,Johnson
Henry,Miller
Liam,Hernandez
Ava,Robinson
Amelia,Mitchell
Henry,Bennett
Olivia,Anderson
Isabella,Robinson
Emma,Cooper
Ethan,Miller
Amelia,Ward
Liam,Miller
Liam,Jones
Alexander,Thomas
Charlotte,Anderson
Evelyn,Hall
Gabriel,Johnson
Liam,Young
Ava,Young
Olivia,Taylor
Ethan,Robinson
Henry,Evans
Emma,Wright
Michael,Anderson
Mia,Richardson
Liam,Smith
Liam,Phillips
Isabella,Turner
Sebastian,Bell
Ava,Miller
Isabella,Rivera
Sophia,Young
Amelia,Hall
William,Flores
Amelia,Hall
Ethan,Smith
Charlotte,Scott
Evelyn,Lee
Daniel,Jones
Evelyn,White
Ava,Moore
Evelyn,Brown
Noah,Mitchell
Emma,Wilson
William,Lee
Evelyn,Anderson
Amelia,Clark
Harper,Allen
Noah,Johnson
Liam,Taylor
Daniel,Miller
Oliver,Turner
Harper,Thomas
Harper,White
Levi,Davis
Sophia,Lee
Charlotte,Clark
William,Adams
Ava,Hernandez
Charlotte,Collins
Amelia,Miller
William,White
Liam,Williams
Evelyn,Brown
Sophia,Brown
Alexander,Anderson
Henry,Hall
Sophia,Griffin
Abigail,Martin
Sophia,Wilson
Matthew,Moore
Michael,Allen
Amelia,Johnson
Henry,Young
Noah,Carter
Evelyn,Adams
Sophia,Carter
Benjamin,Allen
Evelyn,Scott
Alexander,Robinson
Benjamin,Lee
James,Jackson
Isabella,Taylor
John,Gray
Mia,Jackson
Sophia,Carter
David,Williams
Amelia,Davis
Benjamin,Adams
Alexander,Cook
Jayden,Hernandez
William,Brooks
Liam,Adams
Olivia,White
Emma,Smith
Alexander,Jones
Olivia,Johnson
Alexander,Robinson
Alexander,Watson
Noah,Robinson
Jayden,Miller
Alexander,Jones
Liam,Lee
William,Campbell
Michael,Miller
William,Hernandez
Noah,Hall
Alexander,Wilson
Michael,Collins
Harper,Smith
Olivia,Wilson
Alexander,Mitchell
Henry,Williams
Sophia,Anderson
Emma,Wilson
Sophia,Cooper
Evelyn,Miller
Sophia,Johnson
Liam,Collins
Ava,Williams
Charlotte,Williams
Mia,Jones
Isabella,Harris
Evelyn,Ross
Evelyn,Williams
Henry,Johnson
Michael,Martin
Harper,Ward
William,Moore
James,Garcia
William,Wilson
Ava,Ward
Ethan,Wilson
Harper,Miller
William,Harris
Benjamin,Williams
Emma,Adams
Henry,Robinson
Abigail,Taylor
Olivia,Hall
Benjamin,Allen
Daniel,Thomas
Mia,Johnson
Michael,Scott
Liam,Rogers
Noah,Wilson
Charlotte,Davis
Liam,Robinson
Sophia,Williams
Olivia,Ross
Evelyn,Taylor
Henry,Brooks
Evelyn,Davis
Emma,Anderson
Ava,Hernandez
Liam,Watson
William,Harris
Noah,White
James,Richardson
Olivia,Young
Michael,Young
Benjamin,Davis
William,Cook
Ella,Young
Mia,Williams
James,Miller
Ethan,Davis
Samuel,Lee
Mia,Robinson
William,Moore
Harper,Davis
Amelia,Hall
Liam,Johnson
Isaac,Taylor
Sophia,Hall
Evelyn,Morgan
Noah,Carter
Carter,Ross
Ava,Johnson
Noah,Robinson
Noah,Robinson
Alexander,Miller
Harper,Williams
Ava,Anderson
William,Ross
Ethan,Moore
Ava,Parker
Alexander,Walker
Sophia,Lee
Jacob,Robinson
Ethan,Hughes
Harper,Wood
Michael,Smith
Evelyn,Young
Henry,Hall
Isabella,Griffin
Emily,Johnson
Noah,Miller
Harper,Collins
Ava,Jones
Isabella,Anderson
Alexander,Hall
Harper,Williams
Henry,Smith
Luke,Smith
Sophia,Lee
Harper,Miller
Michael,Watson
Emma,Carter
Michael,Walker
Henry,Brown
Liam,Hall
Henry,Moore
Evelyn,Adams
Henry,Rivera
Ethan,Davis
Ava,Taylor
Alexander,Allen
William,Turner
Jacob,Clark
Isabella,Rivera
Mia,Anderson
Charlotte,Bell
Charlotte,Young
Liam,Johnson
William,Green
Sophia,Brown
Luke,Bennett
Mia,Johnson
Isabella,Brown
Mia,Hall
William,Cook
James,Campbell
James,Allen
Harper,Bell
Evelyn,Smith
Sophia,Jenkins
Isabella,Ross
Harper,Taylor
Michael,Allen
Liam,Robinson
Ethan,Flores
Henry,Davis
Alexander,Allen
Amelia,Anderson
Michael,Wilson
Ethan,Allen
Michael,Stewart
Evelyn,Robinson
Michael,Ward
Henry,Morgan
Mia,Jones
Olivia,Williams
Alexander,Thomas
Emma,Bennett
Alexander,Brown
Charlotte,Young
Harper,Martin
Evelyn,Johnson
Dylan,King
Mia,Hill
Mia,Hall
Benjamin,Walker
Mia,White
Ethan,Moore
Sophia,Scott
Noah,Anderson
Olivia,Ramirez
William,Young
Harper,Clark
Evelyn,Ward
Ethan,Young
Mia,Clark
Noah,Hall
Sophia,Nelson
Mia,Taylor
Sophia,Johnson
William,Miller
Sophia,Taylor
Charlotte,Lee
William,Williams
Amelia,Miller
Ava,Cox
Harper,Young
Ava,Williams
Alexander,Wilson
Ethan,Taylor
William,Carter
Ava,Thomas
Charlotte,Jones
Henry,Parker
Benjamin,Young
Ethan,Smith
Michael,Walker
Michael,Brown
Noah,Johnson
Olivia,Scott
Isabella,Thomas
Joseph,Ward
Harper,Cook
Mia,Clark
Michael,Reed
James,Johnson
Liam,Evans
Alexander,Ross
Amelia,Green
Alexander,Anderson
Alexander,Williams
James,Green
Noah,Anderson
Ava,King
Andrew,Johnson
Ethan,Hall
Henry,Johnson
Isabella,Thomas
Benjamin,Young
Benjamin,Gray
Liam,Davis
Sophia,Moore
Michael,Johnson
Olivia,Williams
Emma,Foster
Olivia,Miller
Alexander,Smith
Noah,Smith
Henry,Jones
Olivia,Robinson
Isabella,Williams
Michael,Williams
Isabella,Lee
Grace,Harris
Sophia,Miller
Isaac,Turner
Michael,Jones
Michael,Williams
Evelyn,Wilson
Sophia,White
Alexander,Green
Evelyn,Williams
Liam,Williams
William,Anderson
Isabella,Hill
Amelia,Wilson
Harper,Robinson
Henry,Murphy
Amelia,Adams
Ethan,Ward
Ethan,Brown
William,Williams
Emily,Allen
Evelyn,Rivera
Emma,Johnson
Emma,Taylor
Isabella,Miller
Joseph,Parker
Alexander,Anderson
James,Wilson
Evelyn,Williams
Amelia,Davis
Isabella,Ward
Liam,Allen
Emma,Hall
William,Perez
Charlotte,Clark
Isabella,Jackson
Evelyn,Anderson
Alexander,Clark
Amelia,Hall
Ethan,Robinson
Charlotte,Collins
Amelia,Coleman
Alexander,Smith
Benjamin,Smith
Amelia,Allen
Sophia,Wilson
Ethan,Brown
Liam,Thomas
Abigail,Hall
Noah,Robinson
Alexander,Clark
Grace,Anderson
Noah,Moore
Ava,Collins
Mia,Cooper
Isabella,Allen
James,Robinson
Julian,Collins
Henry,Campbell
Harper,Hernandez
Ava,Carter
Evelyn,Jones
William,Cooper
Ethan,Harris
Alexander,Turner
Harper,Williams
Olivia,Wilson
Benjamin,Miller
Alexander,White
Liam,Hall
Michael,Taylor
Ava,Thomas
Samuel,Jackson
Charlotte,White
Ethan,Wilson
Mia,Clark
Charlotte,Harris
Mia,Smith
Mia,Moore
Emma,King
Dylan,Ross
William,Turner
Matthew,Coleman
Liam,Ross
Mia,White
Alexander,Smith
Mia,Brown
Evelyn,Jenkins
Ava,Allen
Olivia,Ward
Olivia,Miller
Isabella,Hernandez
Noah,King
Samuel,White
Charlotte,Young
Ava,Wilson
Benjamin,Flores
Olivia,White
Noah,Brooks
Julian,Williams
Samuel,Davis
Ethan,Taylor
Ethan,Johnson
Charlotte,Moore
Amelia,Collins
William,Wilson
Liam,Anderson
Mia,Adams
Mia,King
Michael,Perez
Evelyn,Johnson
Michael,Williams
Charlotte,Robinson
Emma,Williams
Evelyn,Clark
Charlotte,Jackson
Michael,Cook
Sophia,Jones
Isabella,Smith
Mia,Robinson
Ava,Brown
Sophia,Smith
Ethan,Allen
Ava,Robinson
Amelia,Williams
Olivia,White
John,Davis
Noah,Bell
Sophia,Perez
Liam,Wilson
Noah,Davis
Noah,Howard
Sophia,Williams
Alexander,Jones
Ava,Johnson
Michael,Williams
Olivia,Allen
Liam,Thomas
Noah,Williams
Ethan,Carter
Ava,Brown
Jacob,Smith
Isabella,Thomas
Evelyn,Jones
Michael,Anderson
Isabella,Rivera
Charlotte,Allen
Benjamin,Davis
Alexander,Miller
Alexander,Thomas
Ava,Young
Ava,Hall
Alexander,Martin
Ella,Lee
Liam,Turner
Olivia,Johnson
Benjamin,Price
Ethan,Wilson
Michael,Miller
Liam,Young
Ethan,Taylor
Michael,Johnson
Olivia,Hall
Liam,Hill
Lucas,Miller
Emma,Young
Emma,Hall
James,Perez
Henry,Carter
Evelyn,Stewart
Evelyn,Ross
Benjamin,Adams
Harper,Bennett
Mia,Morris
Noah,Smith
Ava,Davis
Charlotte,Wilson
Charlotte,Anderson
Isabella,Ward
Mia,Williams
Charlotte,Brown
Noah,Johnson
Olivia,Carter
William,Harris
Ava,Parker
Noah,Williams
Andrew,Robinson
Mia,Johnson
Sophia,Allen
Liam,Williams
Sophia,Brown
Sophia,Wilson
Alexander,Clark
Harper,Young
Harper,Parker
Michael,Garcia
William,Wright
Evelyn,Green
David,Adams
Alexander,Young
Liam,Long
Emma,Cook
Michael,Johnson
Michael,Miller
Sophia,Allen
Liam,Anderson
Charlotte,White
Charlotte,Thomas
Noah,Jones
Michael,Smith
Alexander,Wilson
Alexander,Perez
Harper,Jones
Ava,Foster
Evelyn,Foster
Harper,Bell
Ava,Johnson
Ethan,Wilson
Harper,Perez
Noah,Anderson
William,Ross
Isabella,White
Benjamin,Williams
Charlotte,Smith
Isabella,Wilson
Liam,Wright
Ethan,Smith
Liam,Perez
Isabella,Young
Benjamin,Brown
Ava,White
James,Green
James,Smith
Harper,Wilson
Gabriel,Miller
Mia,Anderson
Michael,Thomas
Alexander,Hall
James,Moore
Sophia,Collins
Michael,Miller
Noah,Ward
Michael,Phillips
Liam,Anderson
Isabella,White
James,Young
Mia,Hall
Daniel,Clark
Sophia,Davis
Alexander,Johnson
Evelyn,Williams
Liam,Brown
Harper,Lee
Olivia,Williams
Isabella,Harris
Joseph,Robinson
Ava,Anderson
Emma,Miller
Sophia,Hughes
Sophia,Campbell
Ethan,Anderson
Harper,Smith
James,Hall
Amelia,Hall
Emma,Cook
Sophia,Moore
Isabella,King
Noah,Miller
Ava,Ward
Ethan,Walker
Levi,Robinson
James,Lee
Sophia,Nelson
Noah,Clark
Mia,Jones
James,Hughes
Ryan,Wilson
Evelyn,Moore
Ethan,Robinson
Evelyn,Parker
Charlotte,Johnson
Alexander,Davis
Sophia,Green
Benjamin,Williams
Jacob,Jenkins
William,Smith
Ethan,Allen
Olivia,Moore
Alexander,Evans
Harper,Johnson
Noah,Garcia
Mia,Turner
Isabella,Robinson
Grace,Allen
Mia,Wilson
Ava,Davis
Sophia,Jones
Olivia,Moore
Emma,Johnson
James,Smith
James,Johnson
Alexander,Young
Amelia,Adams
Harper,Robinson
Henry,Carter
Evelyn,Foster
Olivia,Green
Isabella,Johnson
Emma,Price
Isabella,Thomas
Michael,Anderson
James,Wilson
Gabriel,Miller
Emma,Smith
Emma,Rogers
Emma,Foster
Liam,Clark
Mia,Young
Emma,Parker
Henry,Davis
Harper,Gray
Harper,Anderson
Liam,Jones
Charlotte,Davis
Harper,White
Henry,Anderson
Amelia,Smith
William,Collins
Noah,Taylor
Liam,Robinson
Henry,Wilson
Isabella,Johnson
Daniel,Adams
William,Allen
Sebastian,Turner
Harper,Davis
James,Johnson
Julian,Johnson
Charlotte,Martin
Alexander,Williams
Liam,Wood
Ryan,Williams
James,Perez
Emma,Williams
Mia,Wilson
Benjamin,Hall
Sophia,Wright
Ava,Miller
Olivia,Moore
Jacob,Anderson
Michael,White
Luke,Davis
Oliver,Williams
Isabella,Taylor
Olivia,Jackson
Henry,Smith
Mia,Smith
Emma,Garcia
William,Allen
Benjamin,Moore
Michael,Collins
Sophia,Robinson
Sophia,Williams
Charlotte,Cook
Alexander,Smith
Sophia,Phillips
David,Wilson
Isabella,Green
Sophia,Adams
Emma,Foster
William,Williams
Michael,Clark
James,Allen
Olivia,Smith
Noah,Wilson
William,Williams
Emma,Bell
James,Taylor
William,White
Michael,White
Olivia,White
James,Moore
James,Rivera
Amelia,Young
Isaac,Moore
Olivia,King
Henry,Cooper
Olivia,King
John,White
Olivia,Turner
Alexander,West
Emma,White
Amelia,Harris
James,Long
Benjamin,Smith
Sophia,Williams
Harper,Anderson
Levi,Hill
Emma,Brooks
Mia,Bell
Charlotte,Scott
James,Williams
Mia,Rogers
Ethan,Robinson
Isabella,Wood
Noah,Allen
Noah,Johnson
Charlotte,White
Olivia,Walker
Alexander,Johnson
Liam,Young
Charlotte,Hall
Mia,Hall
William,Hall
Ethan,Moore
Abigail,Wilson
James,Gray
William,Jones
Alexander,Williams
Liam,Johnson
Harper,Brown
Isabella,Williams
Michael,Cook
Noah,Ward
Alexander,Carter
Amelia,Moore
Ava,Smith
Benjamin,Ward
Noah,Richardson
Sophia,White
Benjamin,Gray
Ethan,Hall
Ethan,Harris
Ava,Bailey
Ava,Lee
Harper,Lee
William,White
Amelia,White
Ava,Anderson
Evelyn,White
Emma,Robinson
Benjamin,Lee
Henry,Williams
William,Hall
James,Cooper
Liam,Robinson
Michael,King
Henry,Smith
Alexander,Robinson
Harper,Wilson
Henry,Hernandez
Daniel,Young
William,Green
Olivia,Lee
Michael,Williams
Evelyn,Smith
Alexander,Young
Olivia,Brown
Benjamin,Wilson
Noah,Watson
Ethan,Davis
Noah,Anderson
Mia,Murphy
Alexander,Green
Alexander,King
James,Brown
Noah,King
Mia,Harris
Henry,Clark
Olivia,Hughes
Liam,Hall
Charlotte,Miller
Ethan,Thomas
Henry,Bell
Isabella,Moore
Ava,Mitchell
Benjamin,Turner
Benjamin,Williams
Noah,White
James,Moore
Noah,Williams
Harper,Robinson
Charlotte,Murphy
Noah,Moore
Emma,Robinson
James,Lee
Evelyn,Garcia
Benjamin,Davis
Ethan,Ross
Charlotte,Johnson
Amelia,Young
Isabella,Johnson
James,Williams
Michael,Ramirez
William,Wood
Ethan,Lee
Benjamin,Evans
Noah,White
Harper,Lee
Alexander,White
Isabella,Bennett
Ava,Johnson
Noah,Johnson
Ethan,Robinson
Emma,Lee
James,Moore
Sophia,Brown
Olivia,Green
Amelia,Harris
Charlotte,Adams
Harper,Smith
Mia,Wilson
Mia,Ramirez
Evelyn,Hall
Emma,Davis
Liam,Thomas
Liam,Young
Ava,Williams
Henry,Ross
Ava,Johnson
Liam,Mitchell
Amelia,Hall
Harper,Adams
Sophia,Brown
Abigail,Anderson
Emma,Smith
Harper,Jackson
Mia,Hill
Alexander,Robinson
Ava,Allen
Amelia,Johnson
Liam,Hall
Emma,Brown
Olivia,Miller
Olivia,Ross
Henry,Moore
Ava,Hernandez
Sophia,Thomas
Harper,Smith
Sophia,Smith
Olivia,Wilson
Sophia,Miller
Ethan,Campbell
Henry,Ramirez
Mia,Young
Amelia,Williams
Alexander,Richardson
Sophia,Jones
Henry,Rogers
Liam,White
Ryan,Johnson
James,Cook
Ava,Williams
Ava,Flores
Christopher,Garcia
Emma,Clark
Ethan,Thomas
Sophia,Wilson
Liam,Williams
Michael,Smith
Sophia,Hall
Benjamin,Wilson
Michael,Cooper
Benjamin,Adams
Ava,Wilson
Harper,Turner
Michael,Lee
Andrew,Foster
Ethan,Green
Gabriel,Jones
Gabriel,Brooks
Amelia,Brooks
James,Young
Benjamin,Williams
James,Perez
Harper,Campbell
Michael,Moore
Alexander,Young
Olivia,Wilson
Noah,White
Gabriel,Clark
William,Young
Mia,Rodriguez
Isabella,Davis
Liam,Smith
Evelyn,Clark
Charlotte,Miller
Olivia,Hall
Henry,Taylor
William,Carter
Emma,Moore
Olivia,Carter
Alexander,Williams
Olivia,Thomas
Liam,Miller
Mia,Green
Sophia,Hall
Alexander,Ward
Olivia,Allen
Ethan,Smith
Ethan,Bell
Emma,Flores
Sophia,Smith
Isabella,Wilson
Ava,White
Liam,Miller
Olivia,Davis
Evelyn,Jones
Emma,Smith
Mia,Foster
Evelyn,Turner
Michael,Smith
Isabella,Smith
Olivia,Thomas
John,Miller
James,Gray
William,Moore
Michael,Clark
Noah,Adams
Mia,Brown
James,Harris
Ava,Thomas
Isabella,Turner
Charlotte,Moore
Michael,Williams
Alexander,White
Ethan,Carter
Isabella,Smith
Charlotte,Miller
Sophia,Ward
James,Richardson
Olivia,Howard
Liam,Green
Mia,Johnson
William,King
Emma,Lee
William,Adams
James,Smith
Isaac,White
Sophia,Moore
Ethan,Davis
Michael,Williams
Sophia,Scott
Isabella,Turner
Henry,Johnson
Noah,Adams
Ava,White
Liam,Smith
Amelia,Martin
Mia,Smith
Benjamin,Jackson
Alexander,Nelson
Liam,Hall
Gabriel,Moore
Henry,Foster
Sophia,Young
Ava,Perez
Sophia,Lee
Alexander,Smith
Evelyn,Hall
Ava,Young
Sophia,Jackson
Mia,Mitchell
Ava,Williams
Isabella,Johnson
Ethan,Clark
Isabella,Davis
James,Brown
Harper,Williams
Sophia,Bell
Isabella,Allen
Ava,Adams
Olivia,Watson
Amelia,Green
Ethan,Ward
Isabella,Martin
Isabella,Anderson
Liam,Williams
Ethan,Clark
Michael,King
Michael,Jones
Noah,Walker
William,Gray
Ethan,Griffin
Sophia,Wright
Isabella,Johnson
Joseph,Williams
Henry,Rogers
Isabella,Smith
Abigail,Cox
Alexander,Reed
Michael,Williams
Samuel,Clark
Harper,Rivera
Benjamin,Williams
Isabella,Rodriguez
Emma,Clark
Ava,Lee
Harper,Anderson
Amelia,Murphy
Mia,Lee
Emma,White
Liam,Williams
William,Brown
Noah,Miller
Liam,Young
Ava,Lee
Henry,Morgan
Mia,Wright
James,Long
Michael,Watson
Noah,Williams
James,Phillips
Isabella,Collins
Alexander,Anderson
William,Williams
Liam,Williams
Noah,Miller
Noah,Robinson
Alexander,Harris
Carter,Morris
Isabella,Clark
Charlotte,Nelson
Isabella,Turner
Michael,Anderson
William,Allen
James,Harris
Alexander,Hill
Amelia,Williams
Mia,Miller
David,Hall
Isabella,Johnson
Olivia,Johnson
Ethan,Allen
Amelia,Ross
Benjamin,Anderson
Alexander,Thomas
Andrew,Bell
Mia,Ward
Evelyn,White
Amelia,White
Sophia,Taylor
Liam,Green
Alexander,Walker
Ava,Murphy
Lucas,Johnson
Harper,Hall
Noah,Anderson
William,Cooper
Harper,Anderson
Ethan,Johnson
Ava,Smith
Benjamin,Taylor
Charlotte,Collins
Olivia,Allen
Benjamin,Davis
Michael,Johnson
Mia,Allen
Ethan,Allen
Sophia,Jones
Levi,Smith
Michael,Robinson
Ava,Johnson
Henry,Hall
Noah,Rodriguez
Amelia,Hall
Olivia,Allen
Charlotte,Miller
Olivia,Cook
Harper,Williams
Evelyn,Miller
Liam,Cook
James,Davis
Isabella,Smith
Ava,Moore
Isaac,Williams
Alexander,Jones
Noah,Taylor
Sophia,Jones
Michael,Williams
Benjamin,Turner
Evelyn,Moore
Grace,Turner
Olivia,Davis
Sophia,Green
Alexander,Scott
Olivia,Wood
William,Robinson
James,Harris
Emma,Wilson
William,Brown
Liam,Foster
Liam,Adams
Henry,Wilson
Sophia,Allen
Henry,Davis
Emma,Murphy
Amelia,Mitchell
Henry,Clark
Isabella,Parker
Alexander,Parker
Sophia,Hall
Alexander,Lee
Michael,Watson
Ethan,Anderson
Michael,Brooks
James,Johnson
Olivia,Davis
Charlotte,Hall
Harper,Johnson
Harper,Jones
Ethan,Anderson
Emma,Wilson
Evelyn,Williams
Henry,Cooper
Henry,Garcia
Emma,Perez
Amelia,Bell
Alexander,Bennett
Henry,Moore
Isabella,Campbell
Ava,Williams
Noah,Brown
Liam,Clark
Charlotte,Allen
Liam,Jones
Sophia,Carter
Isabella,Wilson
Sophia,Jones
Sophia,Ross
Emma,Young
Ava,Rivera
Amelia,Jones
Emma,Anderson
Jacob,Stewart
Liam,Smith
Charlotte,Martin
Noah,Gray
Charlotte,King
Sophia,Johnson
Levi,Phillips
James,Martin
Sebastian,Clark
Emma,Jones
William,Clark
Charlotte,Brooks
Ava,Miller
Evelyn,Davis
Liam,Richardson
Michael,Johnson
Charlotte,Hall
Liam,Campbell
Emma,Miller
Emma,Allen
Amelia,Brown
Charlotte,Ross
James,King
Emma,Brown
Ethan,Miller
Michael,White
William,Brown
Benjamin,Brown
James,White
Evelyn,Foster
Amelia,Robinson
Liam,Williams
Sophia,Johnson
Mia,Brooks
Henry,Clark
Mia,Adams
William,Hall
Sophia,Cook
Amelia,Clark
Noah,Martin
Sophia,Carter
Benjamin,Watson
Charlotte,Carter
William,Thomas
Liam,Harris
Isabella,Watson
Sophia,Johnson
Emma,Adams
Mia,Allen
Abigail,Bailey
Mia,Miller
Sophia,Perez
William,Jones
Benjamin,Davis
Liam,Miller
Amelia,Miller
Sophia,White
Samuel,Thomas
James,Wilson
Emma,Williams
Harper,Brown
Noah,Moore
Sophia,Jenkins
Isabella,Johnson
Evelyn,White
Michael,Anderson
Ava,Moore
Mia,Campbell
Liam,Allen
Henry,Moore
Mia,Stewart
Mia,Miller
Benjamin,Mitchell
Harper,Garcia
William,Miller
Ava,Hall
David,Campbell
Olivia,Bennett
Sophia,Coleman
Jack,White
Alexander,Mitchell
Michael,Johnson
Henry,Johnson
Evelyn,Miller
Daniel,Anderson
Harper,Moore
Charlotte,Collins
Sophia,Adams
Ella,Brown
Henry,White
Olivia,Wilson
Benjamin,Long
Evelyn,White
Henry,Wright
Evelyn,Anderson
Noah,Brown
Lucas,Young
Benjamin,Ross
Charlotte,Harris
Olivia,Ward
William,Parker
Sophia,Wilson
Alexander,Wilson
Amelia,Price
Henry,Johnson
Harper,Jones
Amelia,Rivera
Liam,Wilson
Michael,Ward
Ethan,Taylor
Emma,Griffin
Carter,Davis
Evelyn,Stewart
Alexander,Hill
Charlotte,Wilson
James,Turner
Harper,Thomas
Gabriel,Ward
Olivia,Young
Liam,Johnson
Charlotte,Ward
Alexander,Moore
William,Cox
Michael,Cook
Evelyn,Jenkins
Henry,Moore
Alexander,Smith
Evelyn,Young
Olivia,Young
Noah,Hall
Noah,Collins
Isabella,Gray
Evelyn,Green
Sophia,Brown
Michael,Jones
Ava,Brown
Olivia,Anderson
Olivia,White
Olivia,Williams
Harper,Johnson
Joseph,Brown
Michael,Gray
William,Jones
Emma,Morgan
Benjamin,Robinson
Isabella,Ross
Sophia,Moore
Ava,Allen
Alexander,Martin
Harper,Johnson
Henry,Miller
William,Allen
Evelyn,Davis
Harper,Stewart
Amelia,Adams
Emma,Hill
Harper,Hall
Emma,Anderson
Charlotte,Clark
Ava,Johnson
Henry,Wilson
Harper,Martin
Sebastian,Cook
Sophia,Smith
Mia,Carter
William,Anderson
Noah,Williams
James,Anderson
Emma,Johnson
Amelia,Johnson
Amelia,Wright
Isabella,Thomas
Emma,Gray
Henry,Johnson
Henry,Stewart
Ethan,Parker
Sophia,Johnson
Benjamin,Young
Benjamin,Watson
Sebastian,Johnson
Mia,King
Alexander,Anderson
Noah,Moore
Jacob,Allen
Benjamin,Garcia
Benjamin,Cox
James,Murphy
Amelia,Williams
William,Bennett
Henry,Taylor
William,Thomas
Liam,Johnson
William,Davis
Liam,Hall
Ethan,Smith
William,Jones
Emma,Wilson
David,Anderson
Evelyn,Lee
Gabriel,Miller
Amelia,Anderson
Evelyn,Hill
Benjamin,Howard
Michael,Brown
Emma,Anderson
Mia,Anderson
Benjamin,Brown
Emma,Miller
Harper,Smith
Ava,Johnson
Olivia,Young
Ethan,Williams
William,Campbell
Mia,Anderson
Harper,Williams
Isabella,Brown
Liam,White
Amelia,Smith
Emma,Clark
James,Adams
Noah,Phillips
Alexander,Davis
Charlotte,Hall
Michael,Young
Oliver,Jackson
Liam,Brown
Benjamin,Scott
Mia,Young
Henry,Murphy
Gabriel,Hill
Isabella,Reed
James,Smith
Noah,Ward
William,Anderson
Harper,Williams
Liam,Allen
Noah,Robinson
Sophia,Wilson
Gabriel,West
Sophia,Harris
Mia,Johnson
Ava,Brown
Ethan,Scott
Emma,Jones
Noah,Smith
William,Ward
Amelia,Davis
Michael,Miller
Michael,Hall
Mia,Morris
Mia,Lee
Henry,Wilson
Ava,Thomas
Jayden,White
Sophia,Williams
Ethan,Cooper
Evelyn,Young
Michael,White
Sophia,Clark
Henry,Davis
Liam,Young
Ava,Lee
Michael,Hill
Harper,Allen
Emma,Hall
Benjamin,Williams
Liam,Evans
Amelia,Miller
Emma,Miller
William,Robinson
Henry,Foster
Charlotte,Johnson
Sophia,Ward
Harper,Davis
Mia,Thomas
Olivia,Hernandez
Noah,Brown
Michael,Hall
James,Perez
William,Robinson
Michael,Anderson
James,Lee
William,Bennett
Isabella,Anderson
Liam,Davis
Mia,Hall
Emma,Taylor
Evelyn,Lee
Evelyn,Miller
Amelia,Harris
Ava,Murphy
Henry,Allen
Emma,Davis
Alexander,Robinson
Isabella,Clark
Ethan,Thomas
Henry,Hall
Alexander,Allen
Noah,Wilson
Harper,Smith
Liam,Green
Alexander,Young
Amelia,Clark
Ethan,Miller
Emma,Allen
Henry,Mitchell
Alexander,Brown
Alexander,Ramirez
Ava,Moore
Ethan,Young
William,Anderson
Evelyn,Brown
Ethan,Cooper
Henry,White
Ethan,Williams
Liam,Young
Henry,Anderson
Amelia,Cox
Benjamin,Johnson
Jacob,Jackson
Harper,Taylor
Evelyn,Anderson
Evelyn,Adams
Ethan,Cooper
Alexander,Williams
Ethan,Hill
Ava,Parker
Olivia,King
Alexander,Wilson
Mia,Lee
Jayden,Hill
Sophia,Foster
Mia,Perez
Sophia,Perez
Ethan,Rodriguez
Michael,Wilson
Liam,Thomas
Carter,Price
Ethan,Lee
Amelia,Williams
James,Watson
Harper,Anderson
Michael,Hall
Ava,Hall
Alexander,Lee
Michael,Carter
Olivia,Miller
Harper,Smith
Olivia,Wilson
Liam,Clark
Evelyn,Turner
Amelia,Russell
William,Campbell
Mia,Johnson
Sophia,Johnson
Sophia,Rogers
Charlotte,Johnson
Amelia,Smith
Olivia,Smith
Charlotte,Clark
Michael,Hill
Olivia,Thomas
Ava,Young
Charlotte,Murphy
Henry,Miller
Alexander,Hall
Emma,Brown
William,Williams
Amelia,Jackson
Evelyn,Williams
Ava,Robinson
Mia,Robinson
Mia,Brown
Evelyn,Bennett
Olivia,Miller
Charlotte,Allen
Noah,Brown
James,Ross
Benjamin,Young
Isabella,Johnson
Liam,White
William,Williams
Michael,Davis
Alexander,Robinson
Noah,West
Alexander,Moore
Amelia,Jones
Benjamin,Wright
Michael,Brooks
Alexander,Harris
James,Clark
Harper,Adams
Ethan,Smith
Ava,Perez
Evelyn,Johnson
Amelia,Robinson
Michael,Taylor
Michael,Anderson
Noah,Davis
John,Smith
Noah,Ward
Mia,Young
Carter,Turner
Henry,Brown
William,Williams
Charlotte,Allen
Alexander,Rivera
Ava,Ross
Ava,Wilson
Ava,Gray
Henry,Johnson
Ava,Jackson
Sophia,Brown
William,Miller
James,Anderson
Charlotte,Moore
William,Jones
